City_ID,City,Country,Lat,Lng,Max Temp,Humidity,Cloudiness,Wind Speed,Current Description
0,Lata,PT,40.1629,-8.3327,61.81,71,89,5.91,overcast clouds
1,Punta Arenas,CL,-53.15,-70.9167,44.71,70,75,3.44,broken clouds
2,Busselton,AU,-33.65,115.3333,65.52,49,100,12.39,light rain
3,Rikitea,PF,-23.1203,-134.9692,73.51,84,100,9.93,light rain
4,Araguacu,BR,-12.9306,-49.8264,88.93,52,75,3.15,broken clouds
5,Lebu,CL,-37.6167,-73.65,53.73,83,100,19.19,overcast clouds
6,Saskylakh,RU,71.9167,114.0833,-7.83,100,43,2.95,scattered clouds
7,Cherskiy,RU,68.75,161.3,-3.41,100,86,4.74,overcast clouds
8,Georgetown,MY,5.4112,100.3354,82.33,89,20,0.0,few clouds
9,Tecoanapa,MX,16.5167,-98.75,85.91,56,2,10.16,clear sky
10,Saint-Pierre,RE,-21.3393,55.4781,74.88,74,40,10.36,scattered clouds
11,Carnarvon,AU,-24.8667,113.6333,66.27,94,2,5.75,clear sky
12,Cabo San Lucas,MX,22.8909,-109.9124,81.7,68,0,3.44,clear sky
13,Liling,CN,27.6667,113.5,73.83,88,91,3.76,overcast clouds
14,Kunming,CN,25.0389,102.7183,66.96,39,0,11.01,clear sky
15,Bathsheba,BB,13.2167,-59.5167,84.81,61,75,20.71,broken clouds
16,Broome,US,42.2506,-75.833,77.7,45,0,7.0,clear sky
17,Ushuaia,AR,-54.8,-68.3,44.26,70,75,6.91,broken clouds
18,Cape Town,ZA,-33.9258,18.4232,59.34,75,2,7.0,clear sky
19,Kaitangata,NZ,-46.2817,169.8464,52.84,83,97,11.63,overcast clouds
20,Smidovich,RU,48.6,133.8167,37.35,50,14,8.03,few clouds
21,Laguna,US,38.421,-121.4238,72.97,47,0,3.44,clear sky
22,Port Alfred,ZA,-33.5906,26.891,59.18,84,95,5.01,overcast clouds
23,Torbay,CA,47.6666,-52.7314,38.28,95,100,7.0,moderate rain
24,Barrow,US,71.2906,-156.7887,10.42,79,0,11.5,clear sky
25,Rosetown,CA,51.5501,-108.0014,46.85,50,87,8.23,overcast clouds
26,East London,ZA,-33.0153,27.9116,63.59,74,100,14.56,light rain
27,Klaksvik,FO,62.2266,-6.589,45.52,86,100,17.36,overcast clouds
28,Ahipara,NZ,-35.1667,173.1667,61.61,83,36,12.35,scattered clouds
29,Vaini,TO,-21.2,-175.2,69.96,94,75,1.14,broken clouds
30,Nouadhibou,MR,20.931,-17.0347,65.57,77,0,19.86,clear sky
31,Albany,US,42.6001,-73.9662,67.64,33,91,1.99,overcast clouds
32,Tuktoyaktuk,CA,69.4541,-133.0374,27.77,93,100,4.21,overcast clouds
33,Saint Anthony,US,45.0205,-93.218,49.93,66,100,23.02,overcast clouds
34,Ilulissat,GL,69.2167,-51.1,30.22,86,100,4.61,light intensity shower rain
35,Mataura,NZ,-46.1927,168.8643,52.48,93,100,5.57,overcast clouds
36,Petropavlovsk-Kamchatskiy,RU,53.0452,158.6483,30.94,91,34,13.06,scattered clouds
37,Castro,BR,-24.7911,-50.0119,76.32,59,34,3.36,scattered clouds
38,Roma,US,43.2128,-75.4557,77.09,40,0,10.36,clear sky
39,High Rock,BS,26.6208,-78.2833,80.62,63,23,14.58,few clouds
40,Pangnirtung,CA,66.1451,-65.7125,25.29,70,100,4.63,overcast clouds
41,Tazovskiy,RU,67.4667,78.7,-5.15,100,77,5.03,broken clouds
42,Mazara Del Vallo,IT,37.6641,12.588,63.93,50,28,8.57,scattered clouds
43,Victoria,HK,22.2855,114.1577,81.32,84,6,8.01,clear sky
44,Clarksburg,US,39.2807,-80.3445,86.11,39,0,10.36,clear sky
45,Faanui,PF,-16.4833,-151.75,80.58,71,60,5.61,broken clouds
46,Salalah,OM,17.0151,54.0924,81.81,76,48,5.84,scattered clouds
47,Berlevag,NO,70.8578,29.0864,35.4,89,100,5.95,overcast clouds
48,Kapaa,US,22.0752,-159.319,78.78,84,100,18.41,overcast clouds
49,Cao Bang,VN,22.6667,106.25,73.54,98,10,3.04,clear sky
50,Bonavista,CA,48.6499,-53.1147,35.56,95,100,27.4,light rain
51,Ikwiriri,TZ,-7.9562,38.9716,74.53,96,100,2.71,overcast clouds
52,Samarai,PG,-10.6167,150.6667,82.26,75,61,11.23,broken clouds
53,Saraj,MK,42.0,21.3278,69.35,69,78,1.5,broken clouds
54,Wau,SS,7.7029,27.9953,88.66,38,92,4.38,overcast clouds
55,Sakaiminato,JP,35.55,133.2333,60.35,88,17,3.69,few clouds
56,Cayenne,GF,4.9333,-52.3333,86.04,3,75,9.22,broken clouds
57,La Ronge,CA,55.1001,-105.2842,33.75,69,98,10.0,overcast clouds
58,Kruisfontein,ZA,-34.0033,24.7314,56.88,70,75,8.7,broken clouds
59,Port-Cartier,CA,50.0334,-66.8654,42.55,76,38,6.73,scattered clouds
60,Fortuna,US,40.5982,-124.1573,56.93,80,100,6.91,overcast clouds
61,Hilo,US,19.7297,-155.09,77.29,88,75,4.61,broken clouds
62,Sibolga,ID,1.7427,98.7792,77.16,89,86,3.94,overcast clouds
63,College,US,64.8569,-147.8028,41.32,57,75,0.0,broken clouds
64,Nanortalik,GL,60.1432,-45.2371,38.34,89,84,5.93,broken clouds
65,Hermanus,ZA,-34.4187,19.2345,52.81,80,19,7.72,light rain
66,Tomatlan,MX,19.9333,-105.25,89.11,33,3,8.48,clear sky
67,Mar Del Plata,AR,-38.0023,-57.5575,76.95,58,0,18.01,clear sky
68,Dikson,RU,73.5069,80.5464,3.36,98,96,10.42,overcast clouds
69,Atambua,ID,-9.1061,124.8925,70.79,79,22,3.53,few clouds
70,Sur,OM,22.5667,59.5289,88.03,44,34,8.03,scattered clouds
71,Taoudenni,ML,22.6783,-3.9836,91.22,16,0,14.12,clear sky
72,Bredasdorp,ZA,-34.5322,20.0403,54.93,88,21,5.19,light rain
73,Hasaki,JP,35.7333,140.8333,57.6,88,84,6.02,broken clouds
74,Praia Da Vitoria,PT,38.7333,-27.0667,63.75,68,14,20.42,light rain
75,Kodiak,US,57.79,-152.4072,44.11,76,75,9.22,broken clouds
76,Ribeira Grande,PT,38.5167,-28.7,63.0,67,40,17.27,scattered clouds
77,Butaritari,KI,3.0707,172.7902,79.47,80,100,15.17,light rain
78,Mahebourg,MU,-20.4081,57.7,73.26,74,85,19.55,light rain
79,Terneuzen,NL,51.2809,3.8392,61.09,56,47,7.0,scattered clouds
80,Turochak,RU,52.2576,87.1224,28.56,86,67,1.97,broken clouds
81,Jamestown,US,42.097,-79.2353,82.53,23,0,12.66,clear sky
82,Bac Lieu,VN,9.285,105.7244,82.78,77,8,7.63,clear sky
83,Bethel,US,41.3712,-73.414,66.02,39,0,13.8,clear sky
84,Olafsvik,IS,64.8945,-23.7142,45.41,81,88,7.05,overcast clouds
85,Kalmar,SE,56.6616,16.3616,42.73,73,0,12.66,clear sky
86,Narsaq,GL,60.9167,-46.05,50.22,82,88,6.98,overcast clouds
87,Kavaratti,IN,10.5669,72.642,84.79,70,90,2.24,overcast clouds
88,Boa Vista,BR,2.8197,-60.6733,85.98,58,75,3.44,broken clouds
89,Yellowknife,CA,62.456,-114.3525,24.57,62,7,11.99,clear sky
90,Hirna,ET,9.2167,41.1,62.47,85,51,8.52,light rain
91,Codrington,AU,-38.2667,141.9667,48.02,94,26,7.67,scattered clouds
92,Meulaboh,ID,4.1363,96.1285,78.49,87,76,2.19,broken clouds
93,Aklavik,CA,68.2191,-135.0107,30.0,93,100,5.32,overcast clouds
94,Puerto Madryn,AR,-42.7692,-65.0385,68.86,35,100,32.01,overcast clouds
95,Hobart,AU,-42.8794,147.3294,54.27,89,100,8.05,overcast clouds
96,Zverinogolovskoye,RU,54.4586,64.8542,47.32,30,79,5.14,broken clouds
97,Chokurdakh,RU,70.6333,147.9167,-16.08,100,87,3.74,overcast clouds
98,Pechory,RU,57.8164,27.6119,47.66,94,98,6.04,overcast clouds
99,Ancud,CL,-41.8697,-73.8203,46.22,76,100,23.26,light rain
100,Hamilton,US,39.1834,-84.5333,82.53,48,40,14.97,scattered clouds
101,Naron,ES,43.5167,-8.1528,62.04,80,100,4.65,overcast clouds
102,Constitucion,CL,-35.3333,-72.4167,58.23,90,95,19.75,heavy intensity rain
103,Tasiilaq,GL,65.6145,-37.6368,41.16,70,100,4.14,overcast clouds
104,San Ramon De La Nueva Oran,AR,-23.1322,-64.326,79.16,64,88,4.52,overcast clouds
105,Bluff,NZ,-46.6,168.3333,53.8,84,83,19.95,broken clouds
106,Atuona,PF,-9.8,-139.0333,78.85,74,26,15.88,scattered clouds
107,Liverpool,GB,53.4106,-2.9779,58.82,53,20,14.97,few clouds
108,Bengkulu,ID,-3.8004,102.2655,77.14,89,80,3.2,broken clouds
109,Cidreira,BR,-30.1811,-50.2056,70.95,68,1,18.63,clear sky
110,Bonoua,CI,5.2741,-3.595,83.82,83,99,8.72,overcast clouds
111,Kristiansund,NO,63.1115,7.732,57.25,62,0,16.11,clear sky
112,Te Anau,NZ,-45.4167,167.7167,46.85,85,64,0.98,broken clouds
113,Shakiso,ET,5.75,38.9167,60.24,96,90,2.57,overcast clouds
114,Pobe,BJ,6.9801,2.6649,81.7,69,100,6.2,overcast clouds
115,Clyde River,CA,70.4692,-68.5914,5.23,85,100,4.61,light snow
116,Desaguadero,PE,-16.5656,-69.0417,55.71,45,67,9.98,broken clouds
117,Caravelas,BR,-17.7125,-39.2481,86.47,60,11,8.32,few clouds
118,Banda Aceh,ID,5.5577,95.3222,80.74,80,35,5.06,scattered clouds
119,Nikolskoye,RU,59.7035,30.7861,46.71,85,100,11.16,light rain
120,Bitung,ID,1.4451,125.1824,76.05,85,16,5.28,few clouds
121,Itarema,BR,-2.9248,-39.9167,82.62,75,44,7.23,scattered clouds
122,Harper,LR,4.375,-7.7169,83.41,76,99,8.99,overcast clouds
123,Tongzi,CN,28.7829,105.0877,67.26,76,100,8.43,overcast clouds
124,Katsuura,JP,35.1333,140.3,61.81,89,84,5.66,broken clouds
125,Adrar,MR,20.5022,-10.0711,90.0,17,0,14.18,clear sky
126,Upernavik,GL,72.7868,-56.1549,10.51,81,59,11.21,broken clouds
127,Coolum Beach,AU,-26.5333,153.1,71.11,83,89,15.52,overcast clouds
128,Ust-Kut,RU,56.7938,105.7672,18.66,96,83,2.37,broken clouds
129,Changying,CN,52.8733,123.3213,24.91,59,100,2.55,overcast clouds
130,San Joaquin,US,37.9333,-121.3011,71.53,40,0,5.75,clear sky
131,Damghan,IR,36.1683,54.348,73.94,26,97,5.28,overcast clouds
132,Flinders,AU,-34.5833,150.8552,62.19,90,99,5.99,light rain
133,Garowe,SO,8.4054,48.4845,83.68,46,32,16.78,scattered clouds
134,Buala,SB,-8.145,159.5921,79.07,81,100,4.79,light rain
135,Mokhsogollokh,RU,61.4681,128.9203,23.22,95,100,5.14,light snow
136,Severo-Kurilsk,RU,50.6789,156.125,31.77,84,94,10.63,overcast clouds
137,The Valley,AI,18.217,-63.0578,81.1,61,40,16.11,scattered clouds
138,Yuxia,CN,34.0615,108.6291,60.08,66,50,5.77,scattered clouds
139,Portland,US,45.5234,-122.6762,62.87,59,20,5.01,few clouds
140,Ilo,PE,-17.6394,-71.3375,70.43,75,23,8.77,few clouds
141,Poum,NC,-20.2333,164.0167,75.58,79,54,10.74,broken clouds
142,Gushikawa,JP,26.3544,127.8686,75.2,91,75,9.22,broken clouds
143,Jacmel,HT,18.2342,-72.5347,89.44,73,100,5.48,overcast clouds
144,New Norfolk,AU,-42.7826,147.0587,53.92,86,78,1.12,broken clouds
145,Sangmelima,CM,2.9333,11.9833,70.5,96,94,3.04,light rain
146,Norman Wells,CA,65.282,-126.8329,36.27,89,93,3.8,overcast clouds
147,Kavieng,PG,-2.5744,150.7967,81.57,77,60,9.19,broken clouds
148,Darien,US,41.752,-87.974,67.86,90,100,10.0,overcast clouds
149,Ketchikan,US,55.3422,-131.6461,45.07,87,100,13.8,moderate rain
150,Bara,NG,10.3744,10.7288,96.67,25,87,8.16,overcast clouds
151,Bukama,CD,-9.2,25.85,70.99,94,86,1.52,light rain
152,Caninde,BR,-4.3589,-39.3117,84.9,60,92,5.91,overcast clouds
153,Saint-Philippe,RE,-21.3585,55.7679,74.79,77,99,14.67,light rain
154,Maryborough,AU,-25.5333,152.7,67.1,78,90,9.04,overcast clouds
155,Arraial Do Cabo,BR,-22.9661,-42.0278,80.46,74,20,8.05,few clouds
156,Thompson,CA,55.7435,-97.8558,20.73,62,100,17.92,overcast clouds
157,Hithadhoo,MV,-0.6,73.0833,84.97,71,95,9.98,overcast clouds
158,Kloulklubed,PW,7.0419,134.2556,77.5,78,100,13.8,overcast clouds
159,Avarua,CK,-21.2078,-159.775,75.25,94,60,1.14,broken clouds
160,Igrim,RU,63.1906,64.4162,32.38,100,100,0.96,overcast clouds
161,Goreloye,RU,52.937,41.5043,50.41,91,100,6.31,overcast clouds
162,Tiksi,RU,71.6872,128.8694,-6.16,100,99,1.72,overcast clouds
163,Lambarene,GA,-0.7001,10.2406,75.74,96,100,4.88,light rain
164,Souillac,MU,-20.5167,57.5167,75.15,76,89,17.56,light rain
165,Hastings,GB,50.8552,0.5729,56.79,64,0,19.3,clear sky
166,Qaanaaq,GL,77.484,-69.3632,7.18,71,25,6.4,scattered clouds
167,Nurota,UZ,40.5614,65.6886,61.97,48,26,12.06,scattered clouds
168,San Carlos,VE,9.6612,-68.5827,93.36,36,49,3.6,scattered clouds
169,Port Blair,IN,11.6667,92.75,82.72,69,4,3.24,clear sky
170,Tibati,CM,6.4667,12.6333,69.4,80,97,2.44,light rain
171,Tura,IN,25.5198,90.2201,74.75,73,0,6.2,clear sky
172,Carutapera,BR,-1.195,-46.02,76.15,88,100,1.48,overcast clouds
173,Vicuna,CL,-30.0319,-70.7081,79.77,53,3,8.86,clear sky
174,Pochutla,MX,15.7432,-96.4661,91.81,43,0,9.44,clear sky
175,Bontang,ID,0.1333,117.5,81.03,79,82,4.52,broken clouds
176,Swellendam,ZA,-34.0226,20.4417,56.5,79,86,4.21,light rain
177,Manokwari,ID,-0.8667,134.0833,78.55,81,100,1.5,overcast clouds
178,Rudnogorsk,RU,57.2639,103.7519,13.77,96,42,2.86,scattered clouds
179,Provideniya,RU,64.3833,-173.3,25.25,74,5,3.33,clear sky
180,Boshnyakovo,RU,49.6333,142.1667,29.68,94,84,7.76,broken clouds
181,Misratah,LY,32.3754,15.0925,65.91,64,48,15.28,scattered clouds
182,Moose Factory,CA,51.2585,-80.6094,40.69,90,100,14.41,overcast clouds
183,Port Augusta,AU,-32.5,137.7667,65.5,59,86,8.55,overcast clouds
184,Luderitz,NA,-26.6481,15.1594,60.87,50,0,26.96,clear sky
185,Kampene,CD,-3.6,26.6667,68.85,99,100,1.63,overcast clouds
186,Airai,TL,-8.9266,125.4092,58.32,62,57,1.63,broken clouds
187,Khatanga,RU,71.9667,102.5,-12.59,100,94,4.47,overcast clouds
188,Saldanha,ZA,-33.0117,17.9442,58.5,80,0,17.9,clear sky
189,Ponta Do Sol,PT,32.6667,-17.1,67.71,69,41,7.94,scattered clouds
190,Wasilla,US,61.5814,-149.4394,46.53,62,0,3.44,clear sky
191,Mopipi,BW,-21.1833,24.8833,75.07,33,40,3.47,scattered clouds
192,Solnechnyy,RU,50.7214,136.6319,16.34,92,45,4.43,scattered clouds
193,Port Elizabeth,ZA,-33.918,25.5701,59.31,83,51,8.01,broken clouds
194,Richards Bay,ZA,-28.783,32.0377,71.85,88,51,7.2,light rain
195,Chuy,UY,-33.6971,-53.4616,75.13,34,0,11.16,clear sky
196,Samarinda,ID,-0.5,117.15,73.42,99,86,1.07,overcast clouds
197,Bukachacha,RU,52.9833,116.9167,25.59,68,20,4.32,few clouds
198,Fort Nelson,CA,58.8053,-122.7002,38.19,95,100,1.97,overcast clouds
199,Guerrero Negro,MX,27.9769,-114.0611,73.06,40,0,7.14,clear sky
200,Carballo,ES,43.213,-8.691,60.91,79,100,3.98,overcast clouds
201,Juneau,US,58.3019,-134.4197,47.84,87,100,0.0,overcast clouds
202,Vangaindrano,MG,-23.35,47.6,72.37,87,100,5.19,light rain
203,Wanaka,NZ,-44.7,169.15,45.57,82,26,3.15,scattered clouds
204,Beringovskiy,RU,63.05,179.3167,14.81,97,86,1.52,overcast clouds
205,Siverek,TR,37.755,39.3167,64.6,39,4,10.8,clear sky
206,Mahon,ES,39.8885,4.2658,63.16,59,0,8.05,clear sky
207,Stettler,CA,52.3168,-112.7186,55.69,45,5,7.38,clear sky
208,Yarada,IN,17.65,83.2667,84.52,84,40,2.3,scattered clouds
209,Agua Verde,MX,22.9,-106.05,80.69,68,1,8.32,clear sky
210,Vancouver,CA,49.2497,-123.1193,60.4,56,68,4.0,broken clouds
211,Pevek,RU,69.7008,170.3133,0.55,99,99,4.54,overcast clouds
212,Namatanai,PG,-3.6667,152.4333,78.44,76,54,5.7,broken clouds
213,Makakilo City,US,21.3469,-158.0858,75.52,75,100,13.8,light intensity drizzle
214,Hvide Sande,DK,56.0045,8.1294,50.09,67,76,11.9,broken clouds
215,Bandarbeyla,SO,9.4942,50.8122,82.24,73,1,11.18,clear sky
216,Namibe,AO,-15.1961,12.1522,70.45,81,13,8.01,few clouds
217,Lyubashivka,UA,47.8372,30.2598,56.89,63,51,2.93,broken clouds
218,Bilma,NE,18.6853,12.9164,96.94,9,4,7.23,clear sky
219,Sorong,ID,-0.8833,131.25,81.23,83,94,9.69,overcast clouds
220,Luwuk,ID,-0.9516,122.7875,78.19,87,92,1.99,overcast clouds
221,Lincoln,US,40.8,-96.667,58.14,39,75,27.63,broken clouds
222,Hailey,US,43.5196,-114.3153,46.99,43,0,5.99,clear sky
223,Esperance,AU,-33.8667,121.9,58.8,86,1,11.83,clear sky
224,Coquimbo,CL,-29.9533,-71.3436,60.53,77,100,5.75,overcast clouds
225,Pascagoula,US,30.3658,-88.5561,83.41,65,75,12.66,broken clouds
226,Harlingen,US,26.1906,-97.6961,89.51,41,33,23.78,scattered clouds
227,Necochea,AR,-38.5473,-58.7368,73.42,49,19,15.05,few clouds
228,Suleja,NG,9.1758,7.1808,81.75,65,100,6.69,light rain
229,Hobyo,SO,5.3505,48.5268,84.45,68,15,10.92,few clouds
230,Husavik,IS,66.0449,-17.3389,43.21,81,70,2.57,broken clouds
231,Vila Velha,BR,-20.3297,-40.2925,82.35,77,20,18.01,few clouds
232,Labuhan,ID,-6.8844,112.2051,78.91,85,100,4.43,overcast clouds
233,Puerto Ayora,EC,-0.7393,-90.3518,75.16,76,25,10.76,scattered clouds
234,Mecca,SA,21.4267,39.8261,84.81,55,6,5.97,clear sky
235,Jacareacanga,BR,-6.2222,-57.7528,92.28,46,89,5.88,overcast clouds
236,Tafresh,IR,34.692,50.013,60.46,29,100,8.66,overcast clouds
237,Los Llanos De Aridane,ES,28.6585,-17.9182,65.95,76,40,8.05,scattered clouds
238,Trairi,BR,-3.2778,-39.2689,82.53,75,99,7.56,overcast clouds
239,Kushiro,JP,42.975,144.3747,41.36,85,99,2.75,overcast clouds
240,Russell,US,32.3502,-85.1999,81.12,50,40,4.61,scattered clouds
241,Komsomolskiy,UZ,40.4272,71.7189,61.52,63,99,13.8,overcast clouds
242,Shubarshi,KZ,48.5872,57.1869,41.18,87,38,0.51,scattered clouds
243,Santiago De Cao,PE,-7.9589,-79.2392,62.73,88,100,11.5,fog
244,Itarare,BR,-24.1125,-49.3317,76.89,63,4,4.25,clear sky
245,Canon City,US,38.441,-105.2424,53.76,32,40,11.5,scattered clouds
246,Rassvet,RU,46.8333,40.75,62.44,69,87,7.85,overcast clouds
247,Buin,CL,-33.7333,-70.75,71.92,44,100,8.08,overcast clouds
248,Tilichiki,RU,60.4667,166.1,23.76,83,100,11.32,overcast clouds
249,Bambanglipuro,ID,-7.95,110.2833,77.31,90,100,7.18,overcast clouds
250,Grindavik,IS,63.8424,-22.4338,45.07,81,100,9.22,overcast clouds
251,Durango,MX,24.8333,-104.8333,80.44,8,0,2.75,clear sky
252,Santa Vitoria Do Palmar,BR,-33.5189,-53.3681,75.11,34,0,10.76,clear sky
253,Paraiso,CR,9.8383,-83.8656,76.42,58,26,2.55,scattered clouds
254,Burnie,AU,-41.0667,145.9167,52.95,92,45,5.73,scattered clouds
255,Lompoc,US,34.6391,-120.4579,79.7,57,0,4.0,clear sky
256,Tire,TR,38.0888,27.7351,63.63,59,2,1.72,clear sky
257,Henties Bay,NA,-22.116,14.2845,59.92,79,1,13.27,clear sky
258,Newport,GB,51.5877,-2.9984,61.34,56,74,13.27,broken clouds
259,Biak,ID,-0.9131,122.8766,76.91,84,80,1.48,broken clouds
260,Hami,CN,42.8,93.45,65.53,33,64,17.27,broken clouds
261,Broken Hill,AU,-31.95,141.4333,63.43,54,100,9.31,overcast clouds
262,Khilok,RU,51.3674,110.4676,26.44,39,78,3.0,broken clouds
263,Aktau,KZ,43.65,51.2,57.78,57,2,7.2,clear sky
264,Bodo,NO,67.28,14.405,42.66,86,75,10.36,broken clouds
265,Port-Gentil,GA,-0.7193,8.7815,80.56,83,20,3.44,few clouds
266,Pasni,PK,25.2631,63.471,80.73,80,0,9.95,clear sky
267,San Patricio,US,28.017,-97.5169,86.18,61,69,21.39,broken clouds
268,Iskateley,RU,67.6803,53.1512,27.61,97,98,11.25,light snow
269,Novokruchininskiy,RU,51.7833,113.7667,24.53,47,16,4.27,few clouds
270,Khasan,RU,42.4308,130.6434,48.27,52,78,1.12,broken clouds
271,Santa Rosa,PH,14.3122,121.1114,84.18,80,87,7.94,overcast clouds
272,Ulladulla,AU,-35.35,150.4667,51.76,85,98,4.27,overcast clouds
273,Prachuap Khiri Khan,TH,12.2167,99.75,82.69,83,0,3.15,light rain
274,Aviemore,GB,57.1955,-3.8259,44.46,73,84,6.53,broken clouds
275,Manyana,BW,-23.4,21.7167,70.7,40,67,16.04,broken clouds
276,Tyukalinsk,RU,55.8732,72.1967,37.31,48,41,7.16,scattered clouds
277,Bambous Virieux,MU,-20.3428,57.7575,73.22,75,87,19.51,light rain
278,Charagua,BO,-19.8,-63.2167,92.77,39,66,16.42,broken clouds
279,Mukhen,RU,48.1,136.1,35.58,64,44,6.49,scattered clouds
280,Catuday,PH,16.2923,119.8062,80.92,79,8,5.06,clear sky
281,Tahoua,NE,14.8888,5.2692,98.13,7,85,8.68,overcast clouds
282,Sawakin,SD,19.1059,37.3321,84.06,78,0,4.7,clear sky
283,Sitka,US,57.0531,-135.33,46.29,76,100,5.75,overcast clouds
284,Cerro Azul,MX,21.2,-97.7333,92.19,42,51,5.79,broken clouds
285,Tarut,SA,26.5733,50.0369,82.6,43,82,7.81,broken clouds
286,Ukiah,US,39.1502,-123.2078,71.44,54,0,3.44,clear sky
287,Beyneu,KZ,45.3167,55.2,61.03,45,28,13.4,scattered clouds
288,Sao Filipe,CV,14.8961,-24.4956,75.61,71,7,4.16,clear sky
289,Registro,BR,-24.4875,-47.8436,78.19,66,88,4.29,overcast clouds
290,Uruacu,BR,-14.5247,-49.1408,90.07,39,51,3.38,broken clouds
291,Foshan,CN,23.0268,113.1315,78.84,78,4,8.99,clear sky
292,Krasnyy Chikoy,RU,50.3643,108.7512,33.13,48,100,7.76,snow
293,Gweta,BW,-20.1833,25.2333,78.3,35,73,4.29,broken clouds
294,Kosovska Mitrovica,XK,42.8833,20.8667,66.54,72,81,4.0,broken clouds
295,Goma,CD,-1.6792,29.2228,64.76,92,95,2.13,moderate rain
296,Mahanoro,MG,-19.9,48.8,73.26,83,97,1.1,overcast clouds
297,Raudeberg,NO,61.9875,5.1352,48.87,81,56,9.62,broken clouds
298,Kanker,IN,20.2719,81.4931,86.56,27,72,5.39,broken clouds
299,Oga,IT,46.4631,10.347,38.97,95,100,3.02,overcast clouds
300,Dukat,RU,62.55,155.55,15.96,96,100,3.6,snow
301,Rawson,AR,-43.3002,-65.1023,70.88,33,92,35.81,overcast clouds
302,Teguldet,RU,57.3064,88.1667,26.98,95,88,5.61,overcast clouds
303,Tautira,PF,-17.7333,-149.15,79.43,75,78,5.88,light rain
304,Sao Gabriel Da Cachoeira,BR,-0.1303,-67.0892,82.4,85,95,4.92,overcast clouds
305,Ridgecrest,US,35.6225,-117.6709,72.64,15,0,5.01,clear sky
306,Caracuaro,MX,19.0106,-101.1264,96.51,10,7,4.56,clear sky
307,Rapu-Rapu,PH,13.1866,124.1256,80.91,81,100,13.2,moderate rain
308,Ostrovnoy,RU,68.0531,39.5131,35.49,98,100,14.92,light rain
309,Puri,IN,19.8,85.85,84.72,87,8,16.55,clear sky
310,Black River,JM,18.0264,-77.8487,81.39,69,100,7.29,overcast clouds
311,Dongsheng,CN,39.8161,109.9776,58.01,20,1,6.08,clear sky
312,Pisco,PE,-13.7,-76.2167,64.45,88,20,10.36,few clouds
313,Kapit,MY,2.0167,112.9333,74.88,99,100,0.54,overcast clouds
314,Calceta,EC,-0.85,-80.1667,84.25,68,86,3.02,overcast clouds
315,Comodoro Rivadavia,AR,-45.8667,-67.5,64.26,36,40,13.8,scattered clouds
316,Geraldton,AU,-28.7667,114.6,59.41,72,97,8.05,overcast clouds
317,Camargo,MX,27.6667,-105.1667,83.48,9,0,10.27,clear sky
318,Sunnyside,US,46.3237,-120.0087,61.68,55,0,0.0,clear sky
319,Camacupa,AO,-12.0167,17.4833,63.07,67,29,3.8,scattered clouds
320,Avare,BR,-23.0986,-48.9258,79.88,52,8,1.21,clear sky
321,Constantine,DZ,36.365,6.6147,62.01,63,20,9.22,few clouds
322,Aitape,PG,-3.1374,142.3475,76.93,89,95,2.84,overcast clouds
323,Joetsu,JP,37.1483,138.2364,57.85,82,48,3.44,scattered clouds
324,Yinchuan,CN,38.4681,106.2731,66.43,15,72,6.11,broken clouds
325,Chingirlau,KZ,51.095,54.0814,52.27,52,8,6.85,clear sky
326,Arvika,SE,59.6553,12.5852,47.01,49,78,4.07,broken clouds
327,Augusto Correa,BR,-1.0217,-46.635,75.4,92,100,1.72,overcast clouds
328,Hinton,CA,53.4001,-117.5857,53.62,38,57,4.38,broken clouds
329,Arona,ES,28.0996,-16.681,61.72,65,75,6.91,broken clouds
330,Pemangkat,ID,1.1667,108.9667,80.04,82,98,5.55,overcast clouds
331,Nemuro,JP,43.3236,145.575,40.96,90,100,9.73,overcast clouds
332,Lagoa,PT,39.05,-27.9833,58.05,74,3,21.25,clear sky
333,Novoagansk,RU,61.9449,76.6625,25.74,99,100,3.94,overcast clouds
334,Rioja,AR,-29.4111,-66.8507,82.94,40,1,5.57,clear sky
335,Uyuni,BO,-20.4597,-66.825,54.99,10,44,21.14,scattered clouds
336,Turukhansk,RU,65.8167,87.9833,12.22,96,100,4.88,overcast clouds
337,Leningradskiy,RU,69.3833,178.4167,14.65,96,98,3.47,overcast clouds
338,Callaway,US,30.153,-85.5699,81.97,66,0,17.27,clear sky
339,Ati,TD,13.2154,18.3353,96.22,10,26,7.56,scattered clouds
340,Pagudpud,PH,18.5616,120.7868,80.42,76,4,4.99,clear sky
341,Xai-Xai,MZ,-25.0519,33.6442,72.23,91,0,8.05,clear sky
342,Baruun-Urt,MN,46.6806,113.2792,40.96,46,66,22.03,light rain
343,Nouakchott,MR,18.0858,-15.9785,82.33,55,3,20.02,clear sky
344,Ciudad Bolivar,VE,8.1222,-63.5497,95.61,34,39,8.88,scattered clouds
345,Gillette,US,44.2911,-105.5022,36.1,83,100,20.0,moderate rain
346,Ikom,NG,5.9667,8.7063,77.09,86,76,3.04,light rain
347,Seoul,KR,37.5683,126.9778,63.79,84,100,2.04,overcast clouds
348,Mount Isa,AU,-20.7333,139.5,65.97,100,100,6.91,overcast clouds
349,Marystown,CA,47.1666,-55.1483,41.86,100,100,5.99,overcast clouds
350,Port Lincoln,AU,-34.7333,135.8667,63.93,83,100,7.65,light rain
351,Imbituba,BR,-28.24,-48.6703,76.86,67,1,13.62,clear sky
352,Ulety,RU,51.3572,112.4849,26.69,35,46,0.87,scattered clouds
353,Muros,ES,42.7762,-9.0603,62.69,83,100,5.77,overcast clouds
354,Rexburg,US,43.826,-111.7897,50.43,31,100,3.44,overcast clouds
355,Itamaraju,BR,-17.0392,-39.5311,89.56,49,61,11.1,broken clouds
356,Kalemie,CD,-5.9475,29.1947,71.73,86,98,4.18,overcast clouds
357,Vaitape,PF,-16.5167,-151.75,80.62,71,62,5.77,broken clouds
358,Sarkand,KZ,45.41,79.9186,46.2,75,96,3.91,overcast clouds
359,Kaeo,NZ,-35.1,173.7833,58.32,95,33,5.91,scattered clouds
360,Ballina,AU,-28.8667,153.5667,62.02,99,84,12.19,broken clouds
361,Gigmoto,PH,13.7796,124.39,80.13,86,100,7.43,heavy intensity rain
362,Ust-Karsk,RU,52.7011,118.8077,29.82,75,84,2.28,broken clouds
363,Pontes E Lacerda,BR,-15.2261,-59.3353,85.3,66,92,3.65,overcast clouds
364,Nueva Loja,EC,0.0847,-76.8828,71.62,100,100,3.44,overcast clouds
365,Jhang,PK,33.6748,72.6963,77.61,43,88,3.47,overcast clouds
366,Kansk,RU,56.2017,95.7175,27.81,80,100,12.12,overcast clouds
367,Huarmey,PE,-10.0681,-78.1522,73.35,73,32,12.48,scattered clouds
368,Iqaluit,CA,63.7506,-68.5145,22.73,79,100,10.36,light shower snow
369,Najran,SA,17.4924,44.1277,75.9,43,79,19.66,broken clouds
370,Sobolevo,RU,54.4299,31.8996,46.89,81,91,7.38,overcast clouds
371,Port Macquarie,AU,-31.4333,152.9167,58.89,94,75,10.36,broken clouds
372,Deputatskiy,RU,69.3,139.9,-1.7,100,100,0.81,overcast clouds
373,Chongwe,ZM,-15.3292,28.682,68.49,72,81,3.67,broken clouds
374,Touros,BR,-5.1989,-35.4608,82.94,74,98,14.81,overcast clouds
375,Iglino,RU,54.8324,56.4126,44.69,55,72,5.46,broken clouds
376,Acara,BR,-1.9608,-48.1967,74.86,92,100,1.32,overcast clouds
377,Isangel,VU,-19.55,169.2667,76.98,77,91,12.73,overcast clouds
378,Abha,SA,18.2164,42.5053,62.85,63,20,4.61,few clouds
379,Paamiut,GL,61.994,-49.6678,32.13,89,84,9.78,broken clouds
380,Longyearbyen,SJ,78.2186,15.6401,12.04,52,20,10.36,few clouds
381,Nakamura,JP,32.9833,132.9333,59.59,97,66,3.29,broken clouds
382,Shitanjing,CN,39.2342,106.3439,59.97,17,16,3.58,few clouds
383,Sterling,US,39.0062,-77.4286,85.01,47,20,5.75,few clouds
384,Puerto Colombia,CO,10.9878,-74.9547,89.69,70,84,11.77,broken clouds
385,Balsas,BR,-7.5325,-46.0356,82.38,72,89,6.82,overcast clouds
386,Miraflores,MX,19.2167,-98.8083,76.03,30,2,3.53,clear sky
387,Botwood,CA,49.1499,-55.3482,38.89,97,100,14.83,overcast clouds
388,Zaysan,KZ,47.4667,84.8667,34.9,45,60,4.12,broken clouds
389,Waingapu,ID,-9.6567,120.2641,76.57,83,21,6.89,few clouds
390,Petrovac,RS,44.3769,21.4192,62.33,69,94,3.94,overcast clouds
391,Huron,US,41.1501,-82.5499,81.84,55,75,19.22,broken clouds
392,Auki,SB,-8.7676,160.7034,77.11,87,69,3.09,broken clouds
393,Wichita Falls,US,33.9137,-98.4934,53.74,89,100,25.32,moderate rain
394,Naze,JP,28.3667,129.4833,70.52,93,34,7.07,scattered clouds
395,Viedma,AR,-40.8135,-62.9967,68.94,39,100,20.04,overcast clouds
396,Saint George,US,37.1041,-113.5841,64.44,22,0,4.61,clear sky
397,Ayapel,CO,8.3137,-75.1398,88.95,58,22,4.43,few clouds
398,Athabasca,CA,54.7169,-113.2854,51.51,58,6,9.91,clear sky
399,Havre-Saint-Pierre,CA,50.2334,-63.5986,42.96,58,66,14.74,broken clouds
400,Camacha,PT,33.0833,-16.3333,63.82,63,20,14.97,few clouds
401,Sambava,MG,-14.2667,50.1667,77.31,84,78,11.05,broken clouds
402,Sabang,ID,5.8933,95.3214,84.15,74,27,6.42,scattered clouds
403,Cockburn Town,TC,21.4612,-71.1419,77.7,72,92,19.22,overcast clouds
404,Tineo,ES,43.3376,-6.4145,49.62,81,91,2.19,overcast clouds
405,Simao,CN,22.7886,100.9748,63.28,69,2,2.48,clear sky
406,Zambezi,ZM,-13.5432,23.1047,71.33,69,91,5.21,overcast clouds
407,Suntar,RU,62.1444,117.6319,25.14,92,100,3.2,overcast clouds
408,Tucuman,AR,-26.8241,-65.2226,78.8,61,20,3.44,few clouds
409,Santa Maria,BR,-29.6842,-53.8069,78.46,52,0,7.38,clear sky
410,West Plains,US,36.7281,-91.8524,72.43,76,20,11.5,few clouds
411,Karla,EE,59.3723,24.9275,44.31,75,100,13.8,light rain
412,Thunder Bay,CA,48.4001,-89.3168,50.29,93,98,10.29,overcast clouds
413,Palmer,US,42.1584,-72.3287,58.62,41,100,4.61,overcast clouds
414,Jalu,LY,29.0331,21.5482,84.33,13,30,8.16,scattered clouds
415,Lodwar,KE,3.1191,35.5973,89.55,41,84,16.13,broken clouds
416,Nikki,BJ,9.9401,3.2108,93.88,26,79,4.47,broken clouds
417,Qaqortoq,GL,60.7167,-46.0333,38.75,85,88,8.72,overcast clouds
418,Elat,IL,29.5581,34.9482,79.72,33,4,7.27,clear sky
419,Mims,US,28.6653,-80.8448,85.33,64,75,11.5,broken clouds
420,Ranchuelo,CU,22.3772,-80.1489,84.16,43,23,16.71,few clouds
421,Heihe,CN,50.2441,127.4902,41.58,47,92,7.14,overcast clouds
422,Talnakh,RU,69.4865,88.3972,-5.96,100,63,2.1,broken clouds
423,Seymchan,RU,62.8833,152.4333,20.55,95,100,7.16,light snow
424,Sivas,TR,39.7916,37.0019,59.63,51,0,10.36,clear sky
425,Port Moresby,PG,-9.4431,147.1797,75.36,86,100,3.44,overcast clouds
426,Colares,PT,38.7992,-9.4469,65.34,69,20,13.0,few clouds
427,Hervey Bay,AU,-25.2986,152.8535,67.01,87,72,8.01,broken clouds
428,Hirara,JP,24.8,125.2833,77.38,91,0,11.95,clear sky
429,Faya,SA,18.3851,42.4509,63.12,44,45,4.72,scattered clouds
430,Maunabo,PR,18.0072,-65.8993,84.52,74,54,13.58,broken clouds
431,Maoming,CN,21.65,110.9,76.86,94,19,11.95,few clouds
432,Alice Springs,AU,-23.7,133.8833,60.35,94,75,4.61,broken clouds
433,Marawi,PH,7.9986,124.2928,69.57,93,74,1.45,broken clouds
434,Zasheyek,RU,67.4066,32.5499,35.44,94,99,3.71,overcast clouds
435,Dingli,MT,35.8614,14.3822,63.81,72,0,4.61,clear sky
436,San Juan,AR,-31.5375,-68.5364,94.15,8,0,4.99,clear sky
437,Vardo,NO,70.3705,31.1107,35.58,93,75,4.61,broken clouds
438,Do Gonbadan,IR,30.3586,50.7981,78.35,24,100,2.71,overcast clouds
439,Ilheus,BR,-14.7889,-39.0494,83.03,71,38,6.58,scattered clouds
440,Quelimane,MZ,-17.8786,36.8883,73.13,96,8,4.52,clear sky
441,Padang,ID,-0.9492,100.3543,77.99,90,100,4.72,light rain
442,Honiara,SB,-9.4333,159.95,76.93,84,61,3.33,broken clouds
443,Mackay,AU,-21.15,149.2,71.69,83,100,24.4,overcast clouds
444,Moron,AR,-34.6534,-58.6198,79.02,33,4,12.77,clear sky
445,Alofi,NU,-19.0595,-169.9187,78.58,76,99,10.76,light rain
446,Kahului,US,20.8947,-156.47,75.85,76,40,12.66,scattered clouds
447,Taiyuan,CN,37.8694,112.5603,57.06,47,0,2.24,clear sky
448,Batemans Bay,AU,-35.7167,150.1833,58.1,90,97,2.73,overcast clouds
449,Sidi Ali,DZ,36.0998,0.4206,59.5,67,88,4.16,overcast clouds
450,Dudinka,RU,69.4058,86.1778,-10.52,100,83,3.27,broken clouds
451,Tadine,NC,-21.55,167.8833,73.11,75,86,16.31,overcast clouds
452,Sisophon,KH,13.5859,102.9737,83.19,73,75,5.86,light rain
453,Abonnema,NG,4.7084,6.7931,78.26,82,100,5.35,overcast clouds
454,Tuatapere,NZ,-46.1333,167.6833,52.16,90,100,7.02,overcast clouds
455,Ocos,GT,14.5094,-92.1933,91.58,67,0,8.08,clear sky
456,Sakakah,SA,29.9697,40.2064,73.24,55,76,23.42,broken clouds
457,Korla,CN,41.7597,86.1469,69.26,24,72,8.14,broken clouds
458,Guerrero,MX,17.6667,-100.0,89.51,26,34,2.98,scattered clouds
459,Malakoff,FR,48.8167,2.3,64.22,52,0,9.22,clear sky
460,Tsumeb,NA,-19.2333,17.7167,73.47,31,39,5.14,scattered clouds
461,Praia,CV,14.9215,-23.5087,82.94,42,0,14.97,clear sky
462,Denpasar,ID,-8.65,115.2167,82.06,88,20,4.61,few clouds
463,Gravelbourg,CA,49.8834,-106.5512,44.06,52,96,16.2,overcast clouds
464,Chiang Rai,TH,19.9167,99.9167,80.31,89,42,0.58,scattered clouds
465,Nybro,SE,56.7446,15.9071,41.81,70,37,10.16,scattered clouds
466,Mosquera,CO,4.7059,-74.2302,62.69,77,75,11.5,thunderstorm
467,Pointe Michel,DM,15.25,-61.3833,78.66,72,93,8.99,overcast clouds
468,Moyale,KE,3.5167,39.0584,67.53,88,91,3.29,moderate rain
469,Tutoia,BR,-2.7619,-42.2744,79.99,86,34,3.22,scattered clouds
470,Mudgee,AU,-32.5943,149.5871,51.85,87,40,2.3,scattered clouds
471,Porto Torres,IT,40.835,8.3972,60.98,83,63,17.27,broken clouds
472,Peniche,PT,39.3558,-9.3811,65.08,78,32,6.08,scattered clouds
473,Ambulu,ID,-8.345,113.6058,76.21,91,72,2.8,broken clouds
474,Senanga,ZM,-16.1167,23.2667,70.66,58,57,4.54,broken clouds
475,Vygonichi,RU,53.0985,34.0673,48.31,100,52,4.47,broken clouds
476,Oloron-Sainte-Marie,FR,43.1944,-0.6107,58.93,86,86,4.56,overcast clouds
477,Wawa,NG,9.9022,4.4192,93.83,36,87,6.15,overcast clouds
478,Belaya Gora,RU,68.5333,146.4167,-6.27,100,86,4.41,overcast clouds
479,Vagur,FO,61.4732,-6.8119,42.98,80,100,21.7,overcast clouds
480,Acapulco,MX,16.8634,-99.8901,85.82,66,0,8.05,clear sky
481,Mount Gambier,AU,-37.8333,140.7667,42.71,100,100,0.0,fog
482,Roxas,PH,11.5853,122.7511,78.15,88,100,8.68,overcast clouds
483,Mogadishu,SO,2.0371,45.3438,83.59,77,89,14.5,overcast clouds
484,Concordia,AR,-31.393,-58.0209,84.27,54,40,11.99,scattered clouds
485,Havoysund,NO,70.9963,24.6622,37.63,77,100,8.52,overcast clouds
486,Saint-Francois,FR,46.4154,3.9054,54.84,94,100,5.75,overcast clouds
487,Terrace,CA,54.5163,-128.6035,42.76,98,100,2.06,light rain
488,Saint-Augustin,CA,51.226,-58.6502,38.89,84,100,19.48,overcast clouds
489,Ishinomaki,JP,38.4167,141.3,52.27,95,60,5.48,broken clouds
490,Ponta Delgada,PT,37.7333,-25.6667,61.52,72,20,18.41,few clouds
491,Borogontsy,RU,62.6683,131.1683,16.34,98,82,2.8,broken clouds
492,Nha Trang,VN,12.25,109.1833,78.8,90,83,3.33,broken clouds
493,Kafue,ZM,-15.7691,28.1814,68.9,73,62,4.63,broken clouds
494,Minsk,BY,53.9,27.5667,47.95,92,98,9.75,overcast clouds
495,Bogorodskoye,RU,56.55,37.8833,46.69,96,100,5.93,light rain
496,Neiafu,TO,-18.65,-173.9833,74.08,100,40,0.0,scattered clouds
497,Xiuyan,CN,40.2928,123.2744,54.3,93,69,4.41,broken clouds
498,Camocim,BR,-2.9022,-40.8411,81.43,79,65,4.61,broken clouds
499,Mokrous,RU,51.2333,47.5167,55.99,65,100,6.29,overcast clouds
500,Buraydah,SA,26.326,43.975,68.45,47,97,14.58,overcast clouds
501,Bojnurd,IR,37.4747,57.329,57.15,62,0,2.3,clear sky
502,Medicine Hat,CA,50.0501,-110.6683,56.84,33,14,3.0,few clouds
503,Lamu,KE,-2.2717,40.902,82.18,79,74,7.94,broken clouds
504,Wooster,US,40.8051,-81.9351,83.28,44,40,16.11,scattered clouds
505,Oranjemund,NA,-28.55,16.4333,55.36,78,0,13.53,clear sky
506,Kharp,RU,66.8014,65.8081,10.63,85,77,7.47,broken clouds
507,Old Saybrook,US,41.2918,-72.3762,61.3,56,75,9.22,broken clouds
508,Swan Hill,AU,-35.3378,143.5544,56.53,73,97,7.52,overcast clouds
509,Elban,RU,50.1018,136.5094,26.74,96,93,1.9,overcast clouds
510,Plouzane,FR,48.3833,-4.6167,55.72,85,100,10.36,overcast clouds
511,Kieta,PG,-6.2167,155.6333,77.94,84,69,3.4,light rain
512,Ferme-Neuve,CA,46.7001,-75.4493,49.32,45,95,9.06,overcast clouds
513,Namie,JP,37.4833,141.0,51.71,90,66,4.03,broken clouds
514,Porto Murtinho,BR,-21.6989,-57.8825,91.81,41,29,10.94,scattered clouds
515,Sept-Iles,CA,50.2001,-66.3821,41.54,80,36,6.04,scattered clouds
516,Nome,US,64.5011,-165.4064,37.47,87,100,3.44,overcast clouds
517,Nishihara,JP,26.1842,127.7558,75.25,97,20,9.22,few clouds
518,Rundu,NA,-17.9333,19.7667,69.8,35,13,3.0,few clouds
519,Senneterre,CA,48.3835,-77.2328,43.57,71,100,13.73,overcast clouds
520,Mantua,IT,45.1667,10.7833,60.04,77,98,2.82,overcast clouds
521,Evensk,RU,61.95,159.2333,24.57,88,100,25.84,light snow
522,Jiaozuo,CN,35.2397,113.2331,72.63,49,100,11.25,light rain
523,Coracora,PE,-15.0333,-73.7833,63.66,50,9,10.96,clear sky
524,Tubuala,PA,9.5167,-79.0333,82.47,73,36,4.03,scattered clouds
525,Bisira,PA,8.5196,-81.7115,69.89,70,87,3.78,overcast clouds
526,Haines Junction,CA,60.7522,-137.5108,35.96,86,100,1.36,overcast clouds
527,Canto Do Buriti,BR,-8.11,-42.9444,90.3,41,97,3.44,overcast clouds
528,Yuzhnyy,RU,53.2542,83.6936,29.53,64,0,4.47,clear sky
529,Karaton,ID,-6.3424,106.1045,74.93,95,81,4.59,broken clouds
530,Tulun,RU,54.5611,100.5792,16.66,84,57,5.46,broken clouds
531,Mayo,US,38.8876,-76.5119,83.12,60,0,4.0,clear sky
532,Tabou,CI,4.423,-7.3528,83.48,77,93,10.49,overcast clouds
533,Vanimo,PG,-2.6741,141.3028,78.44,86,86,3.42,overcast clouds
534,Kununurra,AU,-15.7667,128.7333,69.78,88,79,0.0,broken clouds
535,San Cristobal,VE,7.7669,-72.225,69.98,55,83,4.92,broken clouds
536,Oistins,BB,13.0667,-59.5333,84.29,61,75,20.71,broken clouds
537,Shakawe,BW,-18.3667,21.85,71.28,34,13,2.55,few clouds
538,Pyapon,MM,16.2833,95.6833,84.11,69,20,8.5,few clouds
539,Laem Sing,TH,12.4816,102.0738,86.14,80,5,5.84,clear sky
540,San Carlos De Bariloche,AR,-41.1456,-71.3082,38.95,87,75,21.85,broken clouds
541,Snyder,US,32.7179,-100.9176,72.09,45,100,16.11,overcast clouds
542,Kisangani,CD,0.5167,25.2,71.92,99,99,2.75,overcast clouds
543,Nyurba,RU,63.2842,118.3319,17.33,97,100,3.33,overcast clouds
544,Paranaiba,BR,-19.6772,-51.1908,93.07,30,22,5.57,few clouds
545,Poplar Bluff,US,36.757,-90.3929,76.73,70,100,17.27,overcast clouds
546,Mangrol,IN,21.1167,70.1167,82.11,70,0,12.77,clear sky
547,Vila Franca Do Campo,PT,37.7167,-25.4333,61.21,69,13,14.63,few clouds
548,Bima,ID,-8.4667,118.7167,75.2,94,21,3.89,few clouds
549,High Level,CA,58.5169,-117.136,38.64,86,99,12.48,overcast clouds
550,Espera Feliz,BR,-20.6503,-41.9072,75.81,75,28,5.44,scattered clouds
551,Hun,LY,29.1268,15.9477,78.55,10,2,6.06,clear sky
552,Sterlibashevo,RU,53.4376,55.2578,49.91,50,53,5.75,broken clouds
553,Lakatoro,VU,-16.0999,167.4164,77.56,86,79,7.9,broken clouds
554,Gimli,CA,50.6336,-96.9907,30.94,97,100,26.78,snow
555,Araouane,ML,18.9048,-3.5265,89.92,9,0,9.4,clear sky
556,Dobsina,SK,48.8207,20.3699,54.55,93,100,5.19,overcast clouds
557,Neuquen,AR,-38.9516,-68.0591,75.09,23,40,43.73,scattered clouds
558,Kristiinankaupunki,FI,62.2743,21.376,41.18,75,18,4.03,few clouds
559,Boden,SE,65.8252,21.6886,35.6,91,98,3.09,overcast clouds
560,Alekseyevka,RU,50.6309,38.6903,54.84,79,74,8.9,broken clouds
561,Cayhagan,PH,9.6697,122.4256,79.75,81,39,3.76,scattered clouds
562,Peruibe,BR,-24.32,-46.9983,73.63,84,93,5.91,overcast clouds
563,Tambo,PE,-14.8,-73.9167,52.25,47,12,12.68,few clouds
564,Kachug,RU,53.9606,105.8817,24.35,82,100,3.24,overcast clouds
565,Safaga,EG,26.7292,33.9365,77.23,46,22,7.14,few clouds
566,Derzhavinsk,KZ,51.1,66.3167,42.28,46,100,11.1,overcast clouds
567,Laizhou,CN,37.1717,119.9214,63.12,75,100,10.89,overcast clouds
568,Gatton,AU,-27.55,152.2833,61.65,89,76,6.13,broken clouds
569,Vao,NC,-22.6667,167.4833,74.03,65,96,23.82,overcast clouds
570,Zalantun,CN,48.0,122.7167,41.61,43,94,4.76,overcast clouds
571,Bahia Honda,CU,22.9036,-83.1592,82.81,60,14,17.47,light rain
572,Talcahuano,CL,-36.7167,-73.1167,55.08,88,100,18.41,overcast clouds
573,Nuuk,GL,64.1835,-51.7216,32.61,93,75,8.05,broken clouds
574,Platteville,US,42.7342,-90.4785,61.36,48,0,26.46,clear sky
575,Kembe,CF,4.6228,21.8865,73.63,89,61,4.05,light rain
576,Strezhevoy,RU,60.7333,77.5889,30.83,96,100,10.69,light snow
577,Pokhara,NP,28.2333,83.9833,72.45,29,0,8.25,clear sky
578,Coromandel,BR,-18.4733,-47.2003,84.0,34,95,7.16,overcast clouds
579,Juba,SS,4.8517,31.5825,72.1,87,99,11.14,light rain
580,Beloha,MG,-25.1667,45.05,76.26,69,93,4.85,overcast clouds
581,Mangaratiba,BR,-22.9597,-44.0406,76.12,77,20,4.85,few clouds
582,Presidencia Roque Saenz Pena,AR,-26.7852,-60.4388,88.63,48,58,14.03,broken clouds
583,Zhigansk,RU,66.7697,123.3711,-0.13,100,27,6.15,scattered clouds
584,Kutulik,RU,53.3508,102.7839,25.09,90,100,20.54,snow
585,Coihaique,CL,-45.5752,-72.0662,41.61,93,100,8.05,fog
586,Ascension,US,30.2169,-90.9001,85.26,73,100,4.61,overcast clouds
587,Sao Joao Da Barra,BR,-21.6403,-41.0511,84.29,68,12,17.2,few clouds
588,Rokytne,UA,51.2796,27.214,50.65,75,99,4.7,overcast clouds
589,Vallenar,CL,-28.5708,-70.7581,75.33,36,3,8.34,clear sky
590,Heze,CN,35.2431,115.4411,71.13,70,100,6.55,light rain
591,Atar,MR,20.5169,-13.0499,91.8,18,0,15.59,clear sky
592,Zhangye,CN,38.9342,100.4517,60.21,20,24,1.21,few clouds
593,Smithers,CA,54.7804,-127.1743,46.06,72,100,4.18,overcast clouds
594,Qasigiannguit,GL,68.8193,-51.1922,30.45,93,100,3.98,light snow
595,Koslan,RU,63.4564,48.8989,31.86,95,99,3.76,overcast clouds
596,Hofn,IS,64.2539,-15.2082,44.85,87,95,8.1,overcast clouds
597,Las Margaritas,MX,16.3167,-91.9833,80.35,36,4,3.83,clear sky
598,Lagdo,CM,9.05,13.7333,96.49,29,98,3.42,overcast clouds
599,Zhezkazgan,KZ,47.8043,67.7144,46.44,75,98,16.28,overcast clouds
600,Bilibino,RU,68.0546,166.4372,-2.02,99,66,4.79,broken clouds
601,Saint-Georges,GD,12.0564,-61.7485,85.68,66,20,23.02,few clouds
602,Nasipit,PH,8.9692,125.2947,74.43,91,91,4.79,overcast clouds
603,Margate,GB,51.3813,1.3862,51.12,79,3,11.01,clear sky
604,Marsh Harbour,BS,26.5412,-77.0636,76.01,68,2,15.93,clear sky
605,Yangambi,CD,0.8102,24.4336,73.04,91,92,3.98,light rain
606,Banepa,NP,27.6298,85.5214,64.72,55,20,3.44,few clouds
607,Lithakia,GR,37.7167,20.8333,61.88,88,0,3.44,clear sky
608,Neftekumsk,RU,44.6667,44.9167,57.11,52,45,10.69,scattered clouds
609,Yar-Sale,RU,66.8333,70.8333,8.29,95,98,4.54,overcast clouds
610,Rocha,UY,-34.4833,-54.3333,77.92,30,0,14.0,clear sky
611,Boguchany,RU,58.3814,97.4531,23.25,99,95,4.92,overcast clouds
612,Starodub,RU,52.5844,32.7633,46.6,82,20,5.84,few clouds
613,Okhotsk,RU,59.3833,143.3,21.24,99,53,5.88,broken clouds
614,Paraopeba,BR,-19.2757,-44.4033,88.66,26,60,3.44,broken clouds
615,Koumac,NC,-20.5667,164.2833,72.81,86,45,10.98,scattered clouds
616,Maragogi,BR,-9.0122,-35.2225,82.85,69,86,9.78,overcast clouds
617,Fengxian,CN,34.7039,116.5872,70.09,73,100,9.04,moderate rain
618,Praxedis Guerrero,MX,31.3667,-106.0167,76.46,12,0,9.13,clear sky
619,Egvekinot,RU,66.3167,-179.1667,12.02,91,83,6.33,broken clouds
620,Ixtapa,MX,20.7,-105.2,79.83,65,0,9.22,clear sky
621,Alakurtti,RU,66.9672,30.3491,38.86,88,100,2.37,overcast clouds
622,Riverton,US,40.5219,-111.9391,54.72,48,0,12.66,clear sky
623,Ust-Maya,RU,60.4167,134.5333,16.79,96,36,0.78,scattered clouds
624,Pinsk,BY,52.1229,26.0951,47.57,81,54,2.39,broken clouds
625,Paita,PE,-5.0892,-81.1144,74.53,73,98,11.63,overcast clouds
626,Sisimiut,GL,66.9395,-53.6735,27.7,90,100,4.41,overcast clouds
627,Vestmannaeyjar,IS,63.4427,-20.2734,47.39,81,0,13.8,clear sky
628,Weinan,CN,34.5036,109.5089,61.21,70,76,4.27,broken clouds
629,Lorengau,PG,-2.0226,147.2712,80.4,83,59,6.22,broken clouds
630,Borovichi,RU,58.3878,33.9155,47.03,96,100,7.67,light rain
631,Port Hardy,CA,50.6996,-127.4199,44.69,92,100,14.12,light rain
632,Eganville,CA,45.5334,-77.0994,52.52,53,100,11.27,overcast clouds
633,Qingdao,CN,36.0986,120.3719,56.37,92,100,7.2,overcast clouds
634,Kirakira,SB,-10.4544,161.9205,78.8,84,85,3.71,overcast clouds
635,Bairnsdale,AU,-37.8333,147.6167,49.05,97,6,2.35,clear sky
636,Biltine,TD,14.5333,20.9167,95.32,8,25,8.52,scattered clouds
637,Gazanjyk,TM,39.2446,55.5154,74.91,26,82,11.07,broken clouds
638,Tera,NE,14.0078,0.7531,100.69,8,53,8.7,broken clouds
639,Chara,RU,56.9064,118.2631,18.64,64,83,1.05,broken clouds
640,Nagua,DO,19.3832,-69.8474,82.71,89,75,13.8,broken clouds
641,Manta,EC,-0.95,-80.7333,83.98,74,40,10.36,scattered clouds
642,Okakarara,NA,-20.5833,17.4333,69.91,34,23,3.18,few clouds
643,Mapiripan,CO,2.8892,-72.1256,79.65,87,100,3.76,overcast clouds
644,Beaumont,US,30.0861,-94.1019,84.24,61,75,20.71,broken clouds
645,Fiche,ET,9.8,38.7333,58.84,56,70,6.69,broken clouds
646,Cootamundra,AU,-34.65,148.0333,55.94,92,100,7.81,overcast clouds
647,Taltal,CL,-25.4,-70.4833,65.75,74,7,4.88,clear sky
648,Christchurch,NZ,-43.5333,172.6333,45.95,88,86,1.14,overcast clouds
649,Brae,GB,60.3964,-1.353,46.94,83,74,16.17,broken clouds
650,Rochegda,RU,62.8,43.25,32.31,93,100,1.01,overcast clouds
651,Sovetskiy,RU,61.3614,63.5842,32.56,97,65,3.47,broken clouds
652,Kita,ML,13.0349,-9.4895,102.33,8,16,7.94,few clouds
653,Grand Gaube,MU,-20.0064,57.6608,75.6,78,97,4.0,light rain
654,Porto Real,BR,-22.4197,-44.2903,79.21,70,49,5.5,scattered clouds
655,Port Shepstone,ZA,-30.7414,30.455,66.06,90,85,11.56,light rain
656,La Grande,US,45.3246,-118.0877,57.02,61,2,4.25,clear sky
657,Itacarambi,BR,-15.1022,-44.0919,96.1,24,25,6.55,scattered clouds
658,Masalli,KR,34.7959,126.6553,56.88,89,81,1.59,broken clouds
659,Baghdad,IQ,33.3406,44.4009,69.71,49,40,8.05,scattered clouds
660,Vero Beach,US,27.6386,-80.3973,83.03,65,100,14.97,overcast clouds
661,Bardiyah,LY,31.7561,25.0865,64.02,72,0,8.66,clear sky
662,Mulege,MX,26.8833,-111.9833,78.04,24,0,9.69,clear sky
663,Puqi,CN,29.7167,113.8833,71.04,97,100,3.42,overcast clouds
664,Shimanovsk,RU,52.0,127.7,31.77,44,100,4.76,overcast clouds
665,Arlit,NE,18.7369,7.3853,95.95,8,17,9.98,few clouds
666,Dubbo,AU,-32.25,148.6167,57.33,82,79,13.8,broken clouds
667,Belen,TR,36.4891,36.2233,66.34,64,0,10.36,clear sky
668,Lazaro Cardenas,MX,17.9583,-102.2,83.1,53,61,9.22,broken clouds
669,Dingle,PH,10.9995,122.6711,77.0,89,97,6.4,overcast clouds
670,Kalmunai,LK,7.4167,81.8167,81.81,80,24,2.89,few clouds
671,Banamba,ML,13.55,-7.45,100.78,9,12,10.07,few clouds
672,General Roca,AR,-39.0333,-67.5833,77.63,29,69,38.07,broken clouds
673,Mumford,GH,5.2618,-0.759,81.57,84,92,9.62,moderate rain
674,Oriximina,BR,-1.7656,-55.8661,84.09,70,79,5.7,broken clouds
675,Fort-Shevchenko,KZ,44.5086,50.263,56.64,71,0,12.57,clear sky
676,Marshall,US,34.3834,-86.3333,82.38,50,40,10.36,scattered clouds
677,Ust-Ilimsk,RU,58.0006,102.6619,15.04,94,42,4.36,scattered clouds
